BEAM,B1,STORY1,B2
BEAM,B2,STORY1,B3
BEAM,B3,STORY1,B5
BEAM,B4,STORY1,B6
BEAM,B5,STORY1,B7
BEAM,B6,STORY1,B8
BEAM,B7,STORY1,B9
BEAM,B8,STORY1,B10
BEAM,B9,STORY1,B11
BEAM,B10,STORY1,B12
BEAM,B11,STORY1,B13
BEAM,B12,STORY1,B14
BEAM,B13,STORY1,B15
BEAM,B14,STORY1,B19
BEAM,B15,STORY1,B20
BEAM,B16,STORY1,B21
BEAM,B17,STORY1,B22
BEAM,B18,STORY1,B24
BEAM,B19,STORY1,B25
BEAM,B20,STORY1,B26
BEAM,B21,STORY1,B27
BEAM,B22,STORY1,B28
BEAM,B23,STORY1,B29
BEAM,B24,STORY1,B30
BEAM,B25,STORY1,B31
BEAM,B26,STORY1,B32
BEAM,B27,STORY1,B34
BEAM,B28,STORY1,B35
BEAM,B29,STORY1,B36
BEAM,B30,STORY1,B37
BEAM,B31,STORY1,B38
BEAM,B32,STORY1,B49
BEAM,B33,STORY1,B50
BEAM,B34,STORY1,B51
BEAM,B35,STORY1,B52
BEAM,B36,STORY1,B53
BEAM,B37,STORY1,B54
BEAM,B38,STORY1,B55
BEAM,B39,STORY1,B56
BEAM,B40,STORY1,B57
BEAM,B41,STORY1,B58
BEAM,B42,STORY1,B63
BEAM,B43,STORY1,B62
BEAM,B44,STORY1,B60
BEAM,B45,STORY1,B61
BEAM,B46,STORY1,B64
BEAM,B47,STORY1,B65
BEAM,B1,STORY2,B2
BEAM,B2,STORY2,B3
BEAM,B3,STORY2,B5
BEAM,B4,STORY2,B6
BEAM,B5,STORY2,B7
BEAM,B6,STORY2,B8
BEAM,B7,STORY2,B9
BEAM,B8,STORY2,B10
BEAM,B9,STORY2,B11
BEAM,B10,STORY2,B12
BEAM,B11,STORY2,B13
BEAM,B12,STORY2,B14
BEAM,B13,STORY2,B15
BEAM,B14,STORY2,B19
BEAM,B15,STORY2,B20
BEAM,B16,STORY2,B21
BEAM,B17,STORY2,B22
BEAM,B18,STORY2,B24
BEAM,B19,STORY2,B25
BEAM,B20,STORY2,B26
BEAM,B21,STORY2,B27
BEAM,B22,STORY2,B28
BEAM,B23,STORY2,B29
BEAM,B24,STORY2,B30
BEAM,B25,STORY2,B31
BEAM,B26,STORY2,B32
BEAM,B27,STORY2,B34
BEAM,B28,STORY2,B35
BEAM,B29,STORY2,B36
BEAM,B30,STORY2,B37
BEAM,B31,STORY2,B38
BEAM,B32,STORY2,B49
BEAM,B33,STORY2,B50
BEAM,B34,STORY2,B51
BEAM,B35,STORY2,B52
BEAM,B36,STORY2,B53
BEAM,B37,STORY2,B54
BEAM,B38,STORY2,B55
BEAM,B39,STORY2,B56
BEAM,B40,STORY2,B57
BEAM,B41,STORY2,B58
BEAM,B42,STORY2,B63
BEAM,B43,STORY2,B62
BEAM,B44,STORY2,B60
BEAM,B45,STORY2,B61
BEAM,B46,STORY2,B64
BEAM,B47,STORY2,B65
BEAM,B1,STORY3,B2
BEAM,B2,STORY3,B3
BEAM,B3,STORY3,B5
BEAM,B4,STORY3,B6
BEAM,B5,STORY3,B7
BEAM,B6,STORY3,B8
BEAM,B7,STORY3,B9
BEAM,B8,STORY3,B10
BEAM,B9,STORY3,B11
BEAM,B10,STORY3,B12
BEAM,B11,STORY3,B13
BEAM,B12,STORY3,B14
BEAM,B13,STORY3,B15
BEAM,B14,STORY3,B19
BEAM,B15,STORY3,B20
BEAM,B16,STORY3,B21
BEAM,B17,STORY3,B22
BEAM,B18,STORY3,B24
BEAM,B19,STORY3,B25
BEAM,B20,STORY3,B26
BEAM,B21,STORY3,B27
BEAM,B22,STORY3,B28
BEAM,B23,STORY3,B29
BEAM,B24,STORY3,B30
BEAM,B25,STORY3,B31
BEAM,B26,STORY3,B32
BEAM,B27,STORY3,B34
BEAM,B28,STORY3,B35
BEAM,B29,STORY3,B36
BEAM,B30,STORY3,B37
BEAM,B31,STORY3,B38
BEAM,B32,STORY3,B49
BEAM,B33,STORY3,B50
BEAM,B34,STORY3,B51
BEAM,B35,STORY3,B52
BEAM,B36,STORY3,B53
BEAM,B37,STORY3,B54
BEAM,B38,STORY3,B55
BEAM,B39,STORY3,B56
BEAM,B40,STORY3,B57
BEAM,B41,STORY3,B58
BEAM,B42,STORY3,B63
BEAM,B43,STORY3,B62
BEAM,B44,STORY3,B60
BEAM,B45,STORY3,B61
BEAM,B46,STORY3,B64
BEAM,B47,STORY3,B65
BEAM,B1,STORY4,B2
BEAM,B2,STORY4,B3
BEAM,B3,STORY4,B5
BEAM,B4,STORY4,B6
BEAM,B5,STORY4,B7
BEAM,B6,STORY4,B8
BEAM,B7,STORY4,B9
BEAM,B8,STORY4,B10
BEAM,B9,STORY4,B11
BEAM,B10,STORY4,B12
BEAM,B11,STORY4,B13
BEAM,B12,STORY4,B14
BEAM,B13,STORY4,B15
BEAM,B14,STORY4,B19
BEAM,B15,STORY4,B20
BEAM,B16,STORY4,B21
BEAM,B17,STORY4,B22
BEAM,B18,STORY4,B24
BEAM,B19,STORY4,B25
BEAM,B20,STORY4,B26
BEAM,B21,STORY4,B27
BEAM,B22,STORY4,B28
BEAM,B23,STORY4,B29
BEAM,B24,STORY4,B30
BEAM,B25,STORY4,B31
BEAM,B26,STORY4,B32
BEAM,B27,STORY4,B34
BEAM,B28,STORY4,B35
BEAM,B29,STORY4,B36
BEAM,B30,STORY4,B37
BEAM,B31,STORY4,B38
BEAM,B32,STORY4,B49
BEAM,B33,STORY4,B50
BEAM,B34,STORY4,B51
BEAM,B35,STORY4,B52
BEAM,B36,STORY4,B53
BEAM,B37,STORY4,B54
BEAM,B38,STORY4,B55
BEAM,B39,STORY4,B56
BEAM,B40,STORY4,B57
BEAM,B41,STORY4,B58
BEAM,B42,STORY4,B63
BEAM,B43,STORY4,B62
BEAM,B44,STORY4,B60
BEAM,B45,STORY4,B61
BEAM,B46,STORY4,B64
BEAM,B47,STORY4,B65
BEAM,B1,STORY5,B2
BEAM,B2,STORY5,B3
BEAM,B3,STORY5,B5
BEAM,B4,STORY5,B6
BEAM,B5,STORY5,B7
BEAM,B6,STORY5,B8
BEAM,B7,STORY5,B9
BEAM,B8,STORY5,B10
BEAM,B9,STORY5,B11
BEAM,B10,STORY5,B12
BEAM,B11,STORY5,B13
BEAM,B12,STORY5,B14
BEAM,B13,STORY5,B15
BEAM,B14,STORY5,B19
BEAM,B15,STORY5,B20
BEAM,B16,STORY5,B21
BEAM,B17,STORY5,B22
BEAM,B18,STORY5,B24
BEAM,B19,STORY5,B25
BEAM,B20,STORY5,B26
BEAM,B21,STORY5,B27
BEAM,B22,STORY5,B28
BEAM,B23,STORY5,B29
BEAM,B24,STORY5,B30
BEAM,B25,STORY5,B31
BEAM,B26,STORY5,B32
BEAM,B27,STORY5,B34
BEAM,B28,STORY5,B35
BEAM,B29,STORY5,B36
BEAM,B30,STORY5,B37
BEAM,B31,STORY5,B38
BEAM,B32,STORY5,B49
BEAM,B33,STORY5,B50
BEAM,B34,STORY5,B51
BEAM,B35,STORY5,B52
BEAM,B36,STORY5,B53
BEAM,B37,STORY5,B54
BEAM,B38,STORY5,B55
BEAM,B39,STORY5,B56
BEAM,B40,STORY5,B57
BEAM,B41,STORY5,B58
BEAM,B42,STORY5,B63
BEAM,B43,STORY5,B62
BEAM,B44,STORY5,B60
BEAM,B45,STORY5,B61
BEAM,B46,STORY5,B64
BEAM,B47,STORY5,B65
BEAM,B1,STORY6,B2
BEAM,B2,STORY6,B3
BEAM,B3,STORY6,B5
BEAM,B4,STORY6,B6
BEAM,B5,STORY6,B7
BEAM,B6,STORY6,B8
BEAM,B7,STORY6,B9
BEAM,B8,STORY6,B10
BEAM,B9,STORY6,B11
BEAM,B10,STORY6,B12
BEAM,B11,STORY6,B13
BEAM,B12,STORY6,B14
BEAM,B13,STORY6,B15
BEAM,B14,STORY6,B19
BEAM,B15,STORY6,B20
BEAM,B16,STORY6,B21
BEAM,B17,STORY6,B22
BEAM,B18,STORY6,B24
BEAM,B19,STORY6,B25
BEAM,B20,STORY6,B26
BEAM,B21,STORY6,B27
BEAM,B22,STORY6,B28
BEAM,B23,STORY6,B29
BEAM,B24,STORY6,B30
BEAM,B25,STORY6,B31
BEAM,B26,STORY6,B32
BEAM,B27,STORY6,B34
BEAM,B28,STORY6,B35
BEAM,B29,STORY6,B36
BEAM,B30,STORY6,B37
BEAM,B31,STORY6,B38
BEAM,B32,STORY6,B49
BEAM,B33,STORY6,B50
BEAM,B34,STORY6,B51
BEAM,B35,STORY6,B52
BEAM,B36,STORY6,B53
BEAM,B37,STORY6,B54
BEAM,B38,STORY6,B55
BEAM,B39,STORY6,B56
BEAM,B40,STORY6,B57
BEAM,B41,STORY6,B58
BEAM,B42,STORY6,B63
BEAM,B43,STORY6,B62
BEAM,B44,STORY6,B60
BEAM,B45,STORY6,B61
BEAM,B46,STORY6,B64
BEAM,B47,STORY6,B65
BEAM,B1,STORY7,B2
BEAM,B2,STORY7,B3
BEAM,B3,STORY7,B5
BEAM,B4,STORY7,B6
BEAM,B5,STORY7,B7
BEAM,B6,STORY7,B8
BEAM,B7,STORY7,B9
BEAM,B8,STORY7,B10
BEAM,B9,STORY7,B11
BEAM,B10,STORY7,B12
BEAM,B11,STORY7,B13
BEAM,B12,STORY7,B14
BEAM,B13,STORY7,B15
BEAM,B14,STORY7,B19
BEAM,B15,STORY7,B20
BEAM,B16,STORY7,B21
BEAM,B17,STORY7,B22
BEAM,B18,STORY7,B24
BEAM,B19,STORY7,B25
BEAM,B20,STORY7,B26
BEAM,B21,STORY7,B27
BEAM,B22,STORY7,B28
BEAM,B23,STORY7,B29
BEAM,B24,STORY7,B30
BEAM,B25,STORY7,B31
BEAM,B26,STORY7,B32
BEAM,B27,STORY7,B34
BEAM,B28,STORY7,B35
BEAM,B29,STORY7,B36
BEAM,B30,STORY7,B37
BEAM,B31,STORY7,B38
BEAM,B32,STORY7,B49
BEAM,B33,STORY7,B50
BEAM,B34,STORY7,B51
BEAM,B35,STORY7,B52
BEAM,B36,STORY7,B53
BEAM,B37,STORY7,B54
BEAM,B38,STORY7,B55
BEAM,B39,STORY7,B56
BEAM,B40,STORY7,B57
BEAM,B41,STORY7,B58
BEAM,B42,STORY7,B63
BEAM,B43,STORY7,B62
BEAM,B44,STORY7,B60
BEAM,B45,STORY7,B61
BEAM,B46,STORY7,B64
BEAM,B47,STORY7,B65
BEAM,B1,STORY8,B2
BEAM,B2,STORY8,B3
BEAM,B3,STORY8,B5
BEAM,B4,STORY8,B6
BEAM,B5,STORY8,B7
BEAM,B6,STORY8,B8
BEAM,B7,STORY8,B9
BEAM,B8,STORY8,B10
BEAM,B9,STORY8,B11
BEAM,B10,STORY8,B12
BEAM,B11,STORY8,B13
BEAM,B12,STORY8,B14
BEAM,B13,STORY8,B15
BEAM,B14,STORY8,B19
BEAM,B15,STORY8,B20
BEAM,B16,STORY8,B21
BEAM,B17,STORY8,B22
BEAM,B18,STORY8,B24
BEAM,B19,STORY8,B25
BEAM,B20,STORY8,B26
BEAM,B21,STORY8,B27
BEAM,B22,STORY8,B28
BEAM,B23,STORY8,B29
BEAM,B24,STORY8,B30
BEAM,B25,STORY8,B31
BEAM,B26,STORY8,B32
BEAM,B27,STORY8,B34
BEAM,B28,STORY8,B35
BEAM,B29,STORY8,B36
BEAM,B30,STORY8,B37
BEAM,B31,STORY8,B38
BEAM,B32,STORY8,B49
BEAM,B33,STORY8,B50
BEAM,B34,STORY8,B51
BEAM,B35,STORY8,B52
BEAM,B36,STORY8,B53
BEAM,B37,STORY8,B54
BEAM,B38,STORY8,B55
BEAM,B39,STORY8,B56
BEAM,B40,STORY8,B57
BEAM,B41,STORY8,B58
BEAM,B42,STORY8,B63
BEAM,B43,STORY8,B62
BEAM,B44,STORY8,B60
BEAM,B45,STORY8,B61
BEAM,B46,STORY8,B64
BEAM,B47,STORY8,B65
BEAM,B1,STORY9,B2
BEAM,B2,STORY9,B3
BEAM,B3,STORY9,B5
BEAM,B4,STORY9,B6
BEAM,B5,STORY9,B7
BEAM,B6,STORY9,B8
BEAM,B7,STORY9,B9
BEAM,B8,STORY9,B10
BEAM,B9,STORY9,B11
BEAM,B10,STORY9,B12
BEAM,B11,STORY9,B13
BEAM,B12,STORY9,B14
BEAM,B13,STORY9,B15
BEAM,B14,STORY9,B19
BEAM,B15,STORY9,B20
BEAM,B16,STORY9,B21
BEAM,B17,STORY9,B22
BEAM,B18,STORY9,B24
BEAM,B19,STORY9,B25
BEAM,B20,STORY9,B26
BEAM,B21,STORY9,B27
BEAM,B22,STORY9,B28
BEAM,B23,STORY9,B29
BEAM,B24,STORY9,B30
BEAM,B25,STORY9,B31
BEAM,B26,STORY9,B32
BEAM,B27,STORY9,B34
BEAM,B28,STORY9,B35
BEAM,B29,STORY9,B36
BEAM,B30,STORY9,B37
BEAM,B31,STORY9,B38
BEAM,B32,STORY9,B49
BEAM,B33,STORY9,B50
BEAM,B34,STORY9,B51
BEAM,B35,STORY9,B52
BEAM,B36,STORY9,B53
BEAM,B37,STORY9,B54
BEAM,B38,STORY9,B55
BEAM,B39,STORY9,B56
BEAM,B40,STORY9,B57
BEAM,B41,STORY9,B58
BEAM,B42,STORY9,B63
BEAM,B43,STORY9,B62
BEAM,B44,STORY9,B60
BEAM,B45,STORY9,B61
BEAM,B46,STORY9,B64
BEAM,B47,STORY9,B65
BEAM,B1,STORY10,B2
BEAM,B2,STORY10,B3
BEAM,B3,STORY10,B5
BEAM,B4,STORY10,B6
BEAM,B5,STORY10,B7
BEAM,B6,STORY10,B8
BEAM,B7,STORY10,B9
BEAM,B8,STORY10,B10
BEAM,B9,STORY10,B11
BEAM,B10,STORY10,B12
BEAM,B11,STORY10,B13
BEAM,B12,STORY10,B14
BEAM,B13,STORY10,B15
BEAM,B14,STORY10,B19
BEAM,B15,STORY10,B20
BEAM,B16,STORY10,B21
BEAM,B17,STORY10,B22
BEAM,B18,STORY10,B24
BEAM,B19,STORY10,B25
BEAM,B20,STORY10,B26
BEAM,B21,STORY10,B27
BEAM,B22,STORY10,B28
BEAM,B23,STORY10,B29
BEAM,B24,STORY10,B30
BEAM,B25,STORY10,B31
BEAM,B26,STORY10,B32
BEAM,B27,STORY10,B34
BEAM,B28,STORY10,B35
BEAM,B29,STORY10,B36
BEAM,B30,STORY10,B37
BEAM,B31,STORY10,B38
BEAM,B32,STORY10,B49
BEAM,B33,STORY10,B50
BEAM,B34,STORY10,B51
BEAM,B35,STORY10,B52
BEAM,B36,STORY10,B53
BEAM,B37,STORY10,B54
BEAM,B38,STORY10,B55
BEAM,B39,STORY10,B56
BEAM,B40,STORY10,B57
BEAM,B41,STORY10,B58
BEAM,B42,STORY10,B63
BEAM,B43,STORY10,B62
BEAM,B44,STORY10,B60
BEAM,B45,STORY10,B61
BEAM,B46,STORY10,B64
BEAM,B47,STORY10,B65
BEAM,B1,STORY11,B2
BEAM,B2,STORY11,B3
BEAM,B3,STORY11,B5
BEAM,B4,STORY11,B6
BEAM,B5,STORY11,B7
BEAM,B6,STORY11,B8
BEAM,B7,STORY11,B9
BEAM,B8,STORY11,B10
BEAM,B9,STORY11,B11
BEAM,B10,STORY11,B12
BEAM,B11,STORY11,B13
BEAM,B12,STORY11,B14
BEAM,B13,STORY11,B15
BEAM,B14,STORY11,B19
BEAM,B15,STORY11,B20
BEAM,B16,STORY11,B21
BEAM,B17,STORY11,B22
BEAM,B18,STORY11,B24
BEAM,B19,STORY11,B25
BEAM,B20,STORY11,B26
BEAM,B21,STORY11,B27
BEAM,B22,STORY11,B28
BEAM,B23,STORY11,B29
BEAM,B24,STORY11,B30
BEAM,B25,STORY11,B31
BEAM,B26,STORY11,B32
BEAM,B27,STORY11,B34
BEAM,B28,STORY11,B35
BEAM,B29,STORY11,B36
BEAM,B30,STORY11,B37
BEAM,B31,STORY11,B38
BEAM,B32,STORY11,B49
BEAM,B33,STORY11,B50
BEAM,B34,STORY11,B51
BEAM,B35,STORY11,B52
BEAM,B36,STORY11,B53
BEAM,B37,STORY11,B54
BEAM,B38,STORY11,B55
BEAM,B39,STORY11,B56
BEAM,B40,STORY11,B57
BEAM,B41,STORY11,B58
BEAM,B42,STORY11,B63
BEAM,B43,STORY11,B62
BEAM,B44,STORY11,B60
BEAM,B45,STORY11,B61
BEAM,B46,STORY11,B64
BEAM,B47,STORY11,B65
BEAM,B1,STORY12,B2
BEAM,B2,STORY12,B3
BEAM,B3,STORY12,B5
BEAM,B4,STORY12,B6
BEAM,B5,STORY12,B7
BEAM,B6,STORY12,B8
BEAM,B7,STORY12,B9
BEAM,B8,STORY12,B10
BEAM,B9,STORY12,B11
BEAM,B10,STORY12,B12
BEAM,B11,STORY12,B13
BEAM,B12,STORY12,B14
BEAM,B13,STORY12,B15
BEAM,B14,STORY12,B19
BEAM,B15,STORY12,B20
BEAM,B16,STORY12,B21
BEAM,B17,STORY12,B22
BEAM,B18,STORY12,B24
BEAM,B19,STORY12,B25
BEAM,B20,STORY12,B26
BEAM,B21,STORY12,B27
BEAM,B22,STORY12,B28
BEAM,B23,STORY12,B29
BEAM,B24,STORY12,B30
BEAM,B25,STORY12,B31
BEAM,B26,STORY12,B32
BEAM,B27,STORY12,B34
BEAM,B28,STORY12,B35
BEAM,B29,STORY12,B36
BEAM,B30,STORY12,B37
BEAM,B31,STORY12,B38
BEAM,B32,STORY12,B49
BEAM,B33,STORY12,B50
BEAM,B34,STORY12,B51
BEAM,B35,STORY12,B52
BEAM,B36,STORY12,B53
BEAM,B37,STORY12,B54
BEAM,B38,STORY12,B55
BEAM,B39,STORY12,B56
BEAM,B40,STORY12,B57
BEAM,B41,STORY12,B58
BEAM,B42,STORY12,B63
BEAM,B43,STORY12,B62
BEAM,B44,STORY12,B60
BEAM,B45,STORY12,B61
BEAM,B46,STORY12,B64
BEAM,B47,STORY12,B65
BEAM,B1,STORY13,B2
BEAM,B2,STORY13,B3
BEAM,B3,STORY13,B5
BEAM,B4,STORY13,B6
BEAM,B5,STORY13,B7
BEAM,B6,STORY13,B8
BEAM,B7,STORY13,B9
BEAM,B8,STORY13,B10
BEAM,B9,STORY13,B11
BEAM,B10,STORY13,B12
BEAM,B11,STORY13,B13
BEAM,B12,STORY13,B14
BEAM,B13,STORY13,B15
BEAM,B14,STORY13,B19
BEAM,B15,STORY13,B20
BEAM,B16,STORY13,B21
BEAM,B17,STORY13,B22
BEAM,B18,STORY13,B24
BEAM,B19,STORY13,B25
BEAM,B20,STORY13,B26
BEAM,B21,STORY13,B27
BEAM,B22,STORY13,B28
BEAM,B23,STORY13,B29
BEAM,B24,STORY13,B30
BEAM,B25,STORY13,B31
BEAM,B26,STORY13,B32
BEAM,B27,STORY13,B34
BEAM,B28,STORY13,B35
BEAM,B29,STORY13,B36
BEAM,B30,STORY13,B37
BEAM,B31,STORY13,B38
BEAM,B32,STORY13,B49
BEAM,B33,STORY13,B50
BEAM,B34,STORY13,B51
BEAM,B35,STORY13,B52
BEAM,B36,STORY13,B53
BEAM,B37,STORY13,B54
BEAM,B38,STORY13,B55
BEAM,B39,STORY13,B56
BEAM,B40,STORY13,B57
BEAM,B41,STORY13,B58
BEAM,B42,STORY13,B63
BEAM,B43,STORY13,B62
BEAM,B44,STORY13,B60
BEAM,B45,STORY13,B61
BEAM,B46,STORY13,B64
BEAM,B47,STORY13,B65
BEAM,B1,STORY14,B2
BEAM,B2,STORY14,B3
BEAM,B3,STORY14,B5
BEAM,B4,STORY14,B6
BEAM,B5,STORY14,B7
BEAM,B6,STORY14,B8
BEAM,B7,STORY14,B9
BEAM,B8,STORY14,B10
BEAM,B9,STORY14,B11
BEAM,B10,STORY14,B12
BEAM,B11,STORY14,B13
BEAM,B12,STORY14,B14
BEAM,B13,STORY14,B15
BEAM,B14,STORY14,B19
BEAM,B15,STORY14,B20
BEAM,B16,STORY14,B21
BEAM,B17,STORY14,B22
BEAM,B18,STORY14,B24
BEAM,B19,STORY14,B25
BEAM,B20,STORY14,B26
BEAM,B21,STORY14,B27
BEAM,B22,STORY14,B28
BEAM,B23,STORY14,B29
BEAM,B24,STORY14,B30
BEAM,B25,STORY14,B31
BEAM,B26,STORY14,B32
BEAM,B27,STORY14,B34
BEAM,B28,STORY14,B35
BEAM,B29,STORY14,B36
BEAM,B30,STORY14,B37
BEAM,B31,STORY14,B38
BEAM,B32,STORY14,B49
BEAM,B33,STORY14,B50
BEAM,B34,STORY14,B51
BEAM,B35,STORY14,B52
BEAM,B36,STORY14,B53
BEAM,B37,STORY14,B54
BEAM,B38,STORY14,B55
BEAM,B39,STORY14,B56
BEAM,B40,STORY14,B57
BEAM,B41,STORY14,B58
BEAM,B42,STORY14,B63
BEAM,B43,STORY14,B62
BEAM,B44,STORY14,B60
BEAM,B45,STORY14,B61
BEAM,B46,STORY14,B64
BEAM,B47,STORY14,B65
BEAM,B1,STORY15,B2
BEAM,B2,STORY15,B3
BEAM,B3,STORY15,B5
BEAM,B4,STORY15,B6
BEAM,B5,STORY15,B7
BEAM,B6,STORY15,B8
BEAM,B7,STORY15,B9
BEAM,B8,STORY15,B10
BEAM,B9,STORY15,B11
BEAM,B10,STORY15,B12
BEAM,B11,STORY15,B13
BEAM,B12,STORY15,B14
BEAM,B13,STORY15,B15
BEAM,B14,STORY15,B19
BEAM,B15,STORY15,B20
BEAM,B16,STORY15,B21
BEAM,B17,STORY15,B22
BEAM,B18,STORY15,B24
BEAM,B19,STORY15,B25
BEAM,B20,STORY15,B26
BEAM,B21,STORY15,B27
BEAM,B22,STORY15,B28
BEAM,B23,STORY15,B29
BEAM,B24,STORY15,B30
BEAM,B25,STORY15,B31
BEAM,B26,STORY15,B32
BEAM,B27,STORY15,B34
BEAM,B28,STORY15,B35
BEAM,B29,STORY15,B36
BEAM,B30,STORY15,B37
BEAM,B31,STORY15,B38
BEAM,B32,STORY15,B49
BEAM,B33,STORY15,B50
BEAM,B34,STORY15,B51
BEAM,B35,STORY15,B52
BEAM,B36,STORY15,B53
BEAM,B37,STORY15,B54
BEAM,B38,STORY15,B55
BEAM,B39,STORY15,B56
BEAM,B40,STORY15,B57
BEAM,B41,STORY15,B58
BEAM,B42,STORY15,B63
BEAM,B43,STORY15,B62
BEAM,B44,STORY15,B60
BEAM,B45,STORY15,B61
BEAM,B46,STORY15,B64
BEAM,B47,STORY15,B65
BEAM,B1,STORY16,B2
BEAM,B2,STORY16,B3
BEAM,B3,STORY16,B5
BEAM,B4,STORY16,B6
BEAM,B5,STORY16,B7
BEAM,B6,STORY16,B8
BEAM,B7,STORY16,B9
BEAM,B8,STORY16,B10
BEAM,B9,STORY16,B11
BEAM,B10,STORY16,B12
BEAM,B11,STORY16,B13
BEAM,B12,STORY16,B14
BEAM,B13,STORY16,B15
BEAM,B14,STORY16,B19
BEAM,B15,STORY16,B20
BEAM,B16,STORY16,B21
BEAM,B17,STORY16,B22
BEAM,B18,STORY16,B24
BEAM,B19,STORY16,B25
BEAM,B20,STORY16,B26
BEAM,B21,STORY16,B27
BEAM,B22,STORY16,B28
BEAM,B23,STORY16,B29
BEAM,B24,STORY16,B30
BEAM,B25,STORY16,B31
BEAM,B26,STORY16,B32
BEAM,B27,STORY16,B34
BEAM,B28,STORY16,B35
BEAM,B29,STORY16,B36
BEAM,B30,STORY16,B37
BEAM,B31,STORY16,B38
BEAM,B32,STORY16,B49
BEAM,B33,STORY16,B50
BEAM,B34,STORY16,B51
BEAM,B35,STORY16,B52
BEAM,B36,STORY16,B53
BEAM,B37,STORY16,B54
BEAM,B38,STORY16,B55
BEAM,B39,STORY16,B56
BEAM,B40,STORY16,B57
BEAM,B41,STORY16,B58
BEAM,B42,STORY16,B63
BEAM,B43,STORY16,B62
BEAM,B44,STORY16,B60
BEAM,B45,STORY16,B61
BEAM,B46,STORY16,B64
BEAM,B47,STORY16,B65
COLUMN,C48,STORY1,C1
COLUMN,C49,STORY1,C2
COLUMN,C50,STORY1,C3
COLUMN,C51,STORY1,C4
COLUMN,C52,STORY1,C5
COLUMN,C53,STORY1,C6
COLUMN,C54,STORY1,C7
COLUMN,C55,STORY1,C8
COLUMN,C56,STORY1,C9
COLUMN,C57,STORY1,C10
COLUMN,C58,STORY1,C11
COLUMN,C59,STORY1,C12
COLUMN,C60,STORY1,C13
COLUMN,C61,STORY1,C14
COLUMN,C62,STORY1,C15
COLUMN,C48,STORY2,C1
COLUMN,C49,STORY2,C2
COLUMN,C50,STORY2,C3
COLUMN,C51,STORY2,C4
COLUMN,C52,STORY2,C5
COLUMN,C53,STORY2,C6
COLUMN,C54,STORY2,C7
COLUMN,C55,STORY2,C8
COLUMN,C56,STORY2,C9
COLUMN,C57,STORY2,C10
COLUMN,C58,STORY2,C11
COLUMN,C59,STORY2,C12
COLUMN,C60,STORY2,C13
COLUMN,C61,STORY2,C14
COLUMN,C62,STORY2,C15
COLUMN,C48,STORY3,C1
COLUMN,C49,STORY3,C2
COLUMN,C50,STORY3,C3
COLUMN,C51,STORY3,C4
COLUMN,C52,STORY3,C5
COLUMN,C53,STORY3,C6
COLUMN,C54,STORY3,C7
COLUMN,C55,STORY3,C8
COLUMN,C56,STORY3,C9
COLUMN,C57,STORY3,C10
COLUMN,C58,STORY3,C11
COLUMN,C59,STORY3,C12
COLUMN,C60,STORY3,C13
COLUMN,C61,STORY3,C14
COLUMN,C62,STORY3,C15
COLUMN,C48,STORY4,C1
COLUMN,C49,STORY4,C2
COLUMN,C50,STORY4,C3
COLUMN,C51,STORY4,C4
COLUMN,C52,STORY4,C5
COLUMN,C53,STORY4,C6
COLUMN,C54,STORY4,C7
COLUMN,C55,STORY4,C8
COLUMN,C56,STORY4,C9
COLUMN,C57,STORY4,C10
COLUMN,C58,STORY4,C11
COLUMN,C59,STORY4,C12
COLUMN,C60,STORY4,C13
COLUMN,C61,STORY4,C14
COLUMN,C62,STORY4,C15
COLUMN,C48,STORY5,C1
COLUMN,C49,STORY5,C2
COLUMN,C50,STORY5,C3
COLUMN,C51,STORY5,C4
COLUMN,C52,STORY5,C5
COLUMN,C53,STORY5,C6
COLUMN,C54,STORY5,C7
COLUMN,C55,STORY5,C8
COLUMN,C56,STORY5,C9
COLUMN,C57,STORY5,C10
COLUMN,C58,STORY5,C11
COLUMN,C59,STORY5,C12
COLUMN,C60,STORY5,C13
COLUMN,C61,STORY5,C14
COLUMN,C62,STORY5,C15
COLUMN,C48,STORY6,C1
COLUMN,C49,STORY6,C2
COLUMN,C50,STORY6,C3
COLUMN,C51,STORY6,C4
COLUMN,C52,STORY6,C5
COLUMN,C53,STORY6,C6
COLUMN,C54,STORY6,C7
COLUMN,C55,STORY6,C8
COLUMN,C56,STORY6,C9
COLUMN,C57,STORY6,C10
COLUMN,C58,STORY6,C11
COLUMN,C59,STORY6,C12
COLUMN,C60,STORY6,C13
COLUMN,C61,STORY6,C14
COLUMN,C62,STORY6,C15
COLUMN,C48,STORY7,C1
COLUMN,C49,STORY7,C2
COLUMN,C50,STORY7,C3
COLUMN,C51,STORY7,C4
COLUMN,C52,STORY7,C5
COLUMN,C53,STORY7,C6
COLUMN,C54,STORY7,C7
COLUMN,C55,STORY7,C8
COLUMN,C56,STORY7,C9
COLUMN,C57,STORY7,C10
COLUMN,C58,STORY7,C11
COLUMN,C59,STORY7,C12
COLUMN,C60,STORY7,C13
COLUMN,C61,STORY7,C14
COLUMN,C62,STORY7,C15
COLUMN,C48,STORY8,C1
COLUMN,C49,STORY8,C2
COLUMN,C50,STORY8,C3
COLUMN,C51,STORY8,C4
COLUMN,C52,STORY8,C5
COLUMN,C53,STORY8,C6
COLUMN,C54,STORY8,C7
COLUMN,C55,STORY8,C8
COLUMN,C56,STORY8,C9
COLUMN,C57,STORY8,C10
COLUMN,C58,STORY8,C11
COLUMN,C59,STORY8,C12
COLUMN,C60,STORY8,C13
COLUMN,C61,STORY8,C14
COLUMN,C62,STORY8,C15
COLUMN,C48,STORY9,C1
COLUMN,C49,STORY9,C2
COLUMN,C50,STORY9,C3
COLUMN,C51,STORY9,C4
COLUMN,C52,STORY9,C5
COLUMN,C53,STORY9,C6
COLUMN,C54,STORY9,C7
COLUMN,C55,STORY9,C8
COLUMN,C56,STORY9,C9
COLUMN,C57,STORY9,C10
COLUMN,C58,STORY9,C11
COLUMN,C59,STORY9,C12
COLUMN,C60,STORY9,C13
COLUMN,C61,STORY9,C14
COLUMN,C62,STORY9,C15
COLUMN,C48,STORY10,C1
COLUMN,C49,STORY10,C2
COLUMN,C50,STORY10,C3
COLUMN,C51,STORY10,C4
COLUMN,C52,STORY10,C5
COLUMN,C53,STORY10,C6
COLUMN,C54,STORY10,C7
COLUMN,C55,STORY10,C8
COLUMN,C56,STORY10,C9
COLUMN,C57,STORY10,C10
COLUMN,C58,STORY10,C11
COLUMN,C59,STORY10,C12
COLUMN,C60,STORY10,C13
COLUMN,C61,STORY10,C14
COLUMN,C62,STORY10,C15
COLUMN,C48,STORY11,C1
COLUMN,C49,STORY11,C2
COLUMN,C50,STORY11,C3
COLUMN,C51,STORY11,C4
COLUMN,C52,STORY11,C5
COLUMN,C53,STORY11,C6
COLUMN,C54,STORY11,C7
COLUMN,C55,STORY11,C8
COLUMN,C56,STORY11,C9
COLUMN,C57,STORY11,C10
COLUMN,C58,STORY11,C11
COLUMN,C59,STORY11,C12
COLUMN,C60,STORY11,C13
COLUMN,C61,STORY11,C14
COLUMN,C62,STORY11,C15
COLUMN,C48,STORY12,C1
COLUMN,C49,STORY12,C2
COLUMN,C50,STORY12,C3
COLUMN,C51,STORY12,C4
COLUMN,C52,STORY12,C5
COLUMN,C53,STORY12,C6
COLUMN,C54,STORY12,C7
COLUMN,C55,STORY12,C8
COLUMN,C56,STORY12,C9
COLUMN,C57,STORY12,C10
COLUMN,C58,STORY12,C11
COLUMN,C59,STORY12,C12
COLUMN,C60,STORY12,C13
COLUMN,C61,STORY12,C14
COLUMN,C62,STORY12,C15
COLUMN,C48,STORY13,C1
COLUMN,C49,STORY13,C2
COLUMN,C50,STORY13,C3
COLUMN,C51,STORY13,C4
COLUMN,C52,STORY13,C5
COLUMN,C53,STORY13,C6
COLUMN,C54,STORY13,C7
COLUMN,C55,STORY13,C8
COLUMN,C56,STORY13,C9
COLUMN,C57,STORY13,C10
COLUMN,C58,STORY13,C11
COLUMN,C59,STORY13,C12
COLUMN,C60,STORY13,C13
COLUMN,C61,STORY13,C14
COLUMN,C62,STORY13,C15
COLUMN,C48,STORY14,C1
COLUMN,C49,STORY14,C2
COLUMN,C50,STORY14,C3
COLUMN,C51,STORY14,C4
COLUMN,C52,STORY14,C5
COLUMN,C53,STORY14,C6
COLUMN,C54,STORY14,C7
COLUMN,C55,STORY14,C8
COLUMN,C56,STORY14,C9
COLUMN,C57,STORY14,C10
COLUMN,C58,STORY14,C11
COLUMN,C59,STORY14,C12
COLUMN,C60,STORY14,C13
COLUMN,C61,STORY14,C14
COLUMN,C62,STORY14,C15
COLUMN,C48,STORY15,C1
COLUMN,C49,STORY15,C2
COLUMN,C50,STORY15,C3
COLUMN,C51,STORY15,C4
COLUMN,C52,STORY15,C5
COLUMN,C53,STORY15,C6
COLUMN,C54,STORY15,C7
COLUMN,C55,STORY15,C8
COLUMN,C56,STORY15,C9
COLUMN,C57,STORY15,C10
COLUMN,C58,STORY15,C11
COLUMN,C59,STORY15,C12
COLUMN,C60,STORY15,C13
COLUMN,C61,STORY15,C14
COLUMN,C62,STORY15,C15
COLUMN,C48,STORY16,C1
COLUMN,C49,STORY16,C2
COLUMN,C50,STORY16,C3
COLUMN,C51,STORY16,C4
COLUMN,C52,STORY16,C5
COLUMN,C53,STORY16,C6
COLUMN,C54,STORY16,C7
COLUMN,C55,STORY16,C8
COLUMN,C56,STORY16,C9
COLUMN,C57,STORY16,C10
COLUMN,C58,STORY16,C11
COLUMN,C59,STORY16,C12
COLUMN,C60,STORY16,C13
COLUMN,C61,STORY16,C14
COLUMN,C62,STORY16,C15
SLAB,F1,STORY1,S1
SLAB,F2,STORY1,S2
SLAB,F3,STORY1,S3
SLAB,F4,STORY1,S4
SLAB,F5,STORY1,S5
SLAB,F6,STORY1,S6
SLAB,F7,STORY1,S7
SLAB,F8,STORY1,S8
SLAB,F9,STORY1,S9
SLAB,F10,STORY1,S10
SLAB,F11,STORY1,S17
SLAB,F12,STORY1,S18
SLAB,F13,STORY1,S19
SLAB,F14,STORY1,S20
SLAB,F15,STORY1,S21
SLAB,F16,STORY1,S22
SLAB,F17,STORY1,S25
SLAB,F18,STORY1,S26
SLAB,F19,STORY1,S27
SLAB,F20,STORY1,S28
SLAB,F21,STORY1,S29
SLAB,F22,STORY1,S30
SLAB,F23,STORY1,S32
SLAB,F24,STORY1,S23
SLAB,F25,STORY1,S33
SLAB,F26,STORY1,S34
SLAB,F27,STORY1,S35
SLAB,F28,STORY1,S37
SLAB,F29,STORY1,S38
SLAB,F1,STORY2,S1
SLAB,F2,STORY2,S2
SLAB,F3,STORY2,S3
SLAB,F4,STORY2,S4
SLAB,F5,STORY2,S5
SLAB,F6,STORY2,S6
SLAB,F7,STORY2,S7
SLAB,F8,STORY2,S8
SLAB,F9,STORY2,S9
SLAB,F10,STORY2,S10
SLAB,F11,STORY2,S17
SLAB,F12,STORY2,S18
SLAB,F13,STORY2,S19
SLAB,F14,STORY2,S20
SLAB,F15,STORY2,S21
SLAB,F16,STORY2,S22
SLAB,F17,STORY2,S25
SLAB,F18,STORY2,S26
SLAB,F19,STORY2,S27
SLAB,F20,STORY2,S28
SLAB,F21,STORY2,S29
SLAB,F22,STORY2,S30
SLAB,F23,STORY2,S32
SLAB,F24,STORY2,S23
SLAB,F25,STORY2,S33
SLAB,F26,STORY2,S34
SLAB,F27,STORY2,S35
SLAB,F28,STORY2,S37
SLAB,F29,STORY2,S38
SLAB,F1,STORY3,S1
SLAB,F2,STORY3,S2
SLAB,F3,STORY3,S3
SLAB,F4,STORY3,S4
SLAB,F5,STORY3,S5
SLAB,F6,STORY3,S6
SLAB,F7,STORY3,S7
SLAB,F8,STORY3,S8
SLAB,F9,STORY3,S9
SLAB,F10,STORY3,S10
SLAB,F11,STORY3,S17
SLAB,F12,STORY3,S18
SLAB,F13,STORY3,S19
SLAB,F14,STORY3,S20
SLAB,F15,STORY3,S21
SLAB,F16,STORY3,S22
SLAB,F17,STORY3,S25
SLAB,F18,STORY3,S26
SLAB,F19,STORY3,S27
SLAB,F20,STORY3,S28
SLAB,F21,STORY3,S29
SLAB,F22,STORY3,S30
SLAB,F23,STORY3,S32
SLAB,F24,STORY3,S23
SLAB,F25,STORY3,S33
SLAB,F26,STORY3,S34
SLAB,F27,STORY3,S35
SLAB,F28,STORY3,S37
SLAB,F29,STORY3,S38
SLAB,F1,STORY4,S1
SLAB,F2,STORY4,S2
SLAB,F3,STORY4,S3
SLAB,F4,STORY4,S4
SLAB,F5,STORY4,S5
SLAB,F6,STORY4,S6
SLAB,F7,STORY4,S7
SLAB,F8,STORY4,S8
SLAB,F9,STORY4,S9
SLAB,F10,STORY4,S10
SLAB,F11,STORY4,S17
SLAB,F12,STORY4,S18
SLAB,F13,STORY4,S19
SLAB,F14,STORY4,S20
SLAB,F15,STORY4,S21
SLAB,F16,STORY4,S22
SLAB,F17,STORY4,S25
SLAB,F18,STORY4,S26
SLAB,F19,STORY4,S27
SLAB,F20,STORY4,S28
SLAB,F21,STORY4,S29
SLAB,F22,STORY4,S30
SLAB,F23,STORY4,S32
SLAB,F24,STORY4,S23
SLAB,F25,STORY4,S33
SLAB,F26,STORY4,S34
SLAB,F27,STORY4,S35
SLAB,F28,STORY4,S37
SLAB,F29,STORY4,S38
SLAB,F1,STORY5,S1
SLAB,F2,STORY5,S2
SLAB,F3,STORY5,S3
SLAB,F4,STORY5,S4
SLAB,F5,STORY5,S5
SLAB,F6,STORY5,S6
SLAB,F7,STORY5,S7
SLAB,F8,STORY5,S8
SLAB,F9,STORY5,S9
SLAB,F10,STORY5,S10
SLAB,F11,STORY5,S17
SLAB,F12,STORY5,S18
SLAB,F13,STORY5,S19
SLAB,F14,STORY5,S20
SLAB,F15,STORY5,S21
SLAB,F16,STORY5,S22
SLAB,F17,STORY5,S25
SLAB,F18,STORY5,S26
SLAB,F19,STORY5,S27
SLAB,F20,STORY5,S28
SLAB,F21,STORY5,S29
SLAB,F22,STORY5,S30
SLAB,F23,STORY5,S32
SLAB,F24,STORY5,S23
SLAB,F25,STORY5,S33
SLAB,F26,STORY5,S34
SLAB,F27,STORY5,S35
SLAB,F28,STORY5,S37
SLAB,F29,STORY5,S38
SLAB,F1,STORY6,S1
SLAB,F2,STORY6,S2
SLAB,F3,STORY6,S3
SLAB,F4,STORY6,S4
SLAB,F5,STORY6,S5
SLAB,F6,STORY6,S6
SLAB,F7,STORY6,S7
SLAB,F8,STORY6,S8
SLAB,F9,STORY6,S9
SLAB,F10,STORY6,S10
SLAB,F11,STORY6,S17
SLAB,F12,STORY6,S18
SLAB,F13,STORY6,S19
SLAB,F14,STORY6,S20
SLAB,F15,STORY6,S21
SLAB,F16,STORY6,S22
SLAB,F17,STORY6,S25
SLAB,F18,STORY6,S26
SLAB,F19,STORY6,S27
SLAB,F20,STORY6,S28
SLAB,F21,STORY6,S29
SLAB,F22,STORY6,S30
SLAB,F23,STORY6,S32
SLAB,F24,STORY6,S23
SLAB,F25,STORY6,S33
SLAB,F26,STORY6,S34
SLAB,F27,STORY6,S35
SLAB,F28,STORY6,S37
SLAB,F29,STORY6,S38
SLAB,F1,STORY7,S1
SLAB,F2,STORY7,S2
SLAB,F3,STORY7,S3
SLAB,F4,STORY7,S4
SLAB,F5,STORY7,S5
SLAB,F6,STORY7,S6
SLAB,F7,STORY7,S7
SLAB,F8,STORY7,S8
SLAB,F9,STORY7,S9
SLAB,F10,STORY7,S10
SLAB,F11,STORY7,S17
SLAB,F12,STORY7,S18
SLAB,F13,STORY7,S19
SLAB,F14,STORY7,S20
SLAB,F15,STORY7,S21
SLAB,F16,STORY7,S22
SLAB,F17,STORY7,S25
SLAB,F18,STORY7,S26
SLAB,F19,STORY7,S27
SLAB,F20,STORY7,S28
SLAB,F21,STORY7,S29
SLAB,F22,STORY7,S30
SLAB,F23,STORY7,S32
SLAB,F24,STORY7,S23
SLAB,F25,STORY7,S33
SLAB,F26,STORY7,S34
SLAB,F27,STORY7,S35
SLAB,F28,STORY7,S37
SLAB,F29,STORY7,S38
SLAB,F1,STORY8,S1
SLAB,F2,STORY8,S2
SLAB,F3,STORY8,S3
SLAB,F4,STORY8,S4
SLAB,F5,STORY8,S5
SLAB,F6,STORY8,S6
SLAB,F7,STORY8,S7
SLAB,F8,STORY8,S8
SLAB,F9,STORY8,S9
SLAB,F10,STORY8,S10
SLAB,F11,STORY8,S17
SLAB,F12,STORY8,S18
SLAB,F13,STORY8,S19
SLAB,F14,STORY8,S20
SLAB,F15,STORY8,S21
SLAB,F16,STORY8,S22
SLAB,F17,STORY8,S25
SLAB,F18,STORY8,S26
SLAB,F19,STORY8,S27
SLAB,F20,STORY8,S28
SLAB,F21,STORY8,S29
SLAB,F22,STORY8,S30
SLAB,F23,STORY8,S32
SLAB,F24,STORY8,S23
SLAB,F25,STORY8,S33
SLAB,F26,STORY8,S34
SLAB,F27,STORY8,S35
SLAB,F28,STORY8,S37
SLAB,F29,STORY8,S38
SLAB,F1,STORY9,S1
SLAB,F2,STORY9,S2
SLAB,F3,STORY9,S3
SLAB,F4,STORY9,S4
SLAB,F5,STORY9,S5
SLAB,F6,STORY9,S6
SLAB,F7,STORY9,S7
SLAB,F8,STORY9,S8
SLAB,F9,STORY9,S9
SLAB,F10,STORY9,S10
SLAB,F11,STORY9,S17
SLAB,F12,STORY9,S18
SLAB,F13,STORY9,S19
SLAB,F14,STORY9,S20
SLAB,F15,STORY9,S21
SLAB,F16,STORY9,S22
SLAB,F17,STORY9,S25
SLAB,F18,STORY9,S26
SLAB,F19,STORY9,S27
SLAB,F20,STORY9,S28
SLAB,F21,STORY9,S29
SLAB,F22,STORY9,S30
SLAB,F23,STORY9,S32
SLAB,F24,STORY9,S23
SLAB,F25,STORY9,S33
SLAB,F26,STORY9,S34
SLAB,F27,STORY9,S35
SLAB,F28,STORY9,S37
SLAB,F29,STORY9,S38
SLAB,F1,STORY10,S1
SLAB,F2,STORY10,S2
SLAB,F3,STORY10,S3
SLAB,F4,STORY10,S4
SLAB,F5,STORY10,S5
SLAB,F6,STORY10,S6
SLAB,F7,STORY10,S7
SLAB,F8,STORY10,S8
SLAB,F9,STORY10,S9
SLAB,F10,STORY10,S10
SLAB,F11,STORY10,S17
SLAB,F12,STORY10,S18
SLAB,F13,STORY10,S19
SLAB,F14,STORY10,S20
SLAB,F15,STORY10,S21
SLAB,F16,STORY10,S22
SLAB,F17,STORY10,S25
SLAB,F18,STORY10,S26
SLAB,F19,STORY10,S27
SLAB,F20,STORY10,S28
SLAB,F21,STORY10,S29
SLAB,F22,STORY10,S30
SLAB,F23,STORY10,S32
SLAB,F24,STORY10,S23
SLAB,F25,STORY10,S33
SLAB,F26,STORY10,S34
SLAB,F27,STORY10,S35
SLAB,F28,STORY10,S37
SLAB,F29,STORY10,S38
SLAB,F1,STORY11,S1
SLAB,F2,STORY11,S2
SLAB,F3,STORY11,S3
SLAB,F4,STORY11,S4
SLAB,F5,STORY11,S5
SLAB,F6,STORY11,S6
SLAB,F7,STORY11,S7
SLAB,F8,STORY11,S8
SLAB,F9,STORY11,S9
SLAB,F10,STORY11,S10
SLAB,F11,STORY11,S17
SLAB,F12,STORY11,S18
SLAB,F13,STORY11,S19
SLAB,F14,STORY11,S20
SLAB,F15,STORY11,S21
SLAB,F16,STORY11,S22
SLAB,F17,STORY11,S25
SLAB,F18,STORY11,S26
SLAB,F19,STORY11,S27
SLAB,F20,STORY11,S28
SLAB,F21,STORY11,S29
SLAB,F22,STORY11,S30
SLAB,F23,STORY11,S32
SLAB,F24,STORY11,S23
SLAB,F25,STORY11,S33
SLAB,F26,STORY11,S34
SLAB,F27,STORY11,S35
SLAB,F28,STORY11,S37
SLAB,F29,STORY11,S38
SLAB,F1,STORY12,S1
SLAB,F2,STORY12,S2
SLAB,F3,STORY12,S3
SLAB,F4,STORY12,S4
SLAB,F5,STORY12,S5
SLAB,F6,STORY12,S6
SLAB,F7,STORY12,S7
SLAB,F8,STORY12,S8
SLAB,F9,STORY12,S9
SLAB,F10,STORY12,S10
SLAB,F11,STORY12,S17
SLAB,F12,STORY12,S18
SLAB,F13,STORY12,S19
SLAB,F14,STORY12,S20
SLAB,F15,STORY12,S21
SLAB,F16,STORY12,S22
SLAB,F17,STORY12,S25
SLAB,F18,STORY12,S26
SLAB,F19,STORY12,S27
SLAB,F20,STORY12,S28
SLAB,F21,STORY12,S29
SLAB,F22,STORY12,S30
SLAB,F23,STORY12,S32
SLAB,F24,STORY12,S23
SLAB,F25,STORY12,S33
SLAB,F26,STORY12,S34
SLAB,F27,STORY12,S35
SLAB,F28,STORY12,S37
SLAB,F29,STORY12,S38
SLAB,F1,STORY13,S1
SLAB,F2,STORY13,S2
SLAB,F3,STORY13,S3
SLAB,F4,STORY13,S4
SLAB,F5,STORY13,S5
SLAB,F6,STORY13,S6
SLAB,F7,STORY13,S7
SLAB,F8,STORY13,S8
SLAB,F9,STORY13,S9
SLAB,F10,STORY13,S10
SLAB,F11,STORY13,S17
SLAB,F12,STORY13,S18
SLAB,F13,STORY13,S19
SLAB,F14,STORY13,S20
SLAB,F15,STORY13,S21
SLAB,F16,STORY13,S22
SLAB,F17,STORY13,S25
SLAB,F18,STORY13,S26
SLAB,F19,STORY13,S27
SLAB,F20,STORY13,S28
SLAB,F21,STORY13,S29
SLAB,F22,STORY13,S30
SLAB,F23,STORY13,S32
SLAB,F24,STORY13,S23
SLAB,F25,STORY13,S33
SLAB,F26,STORY13,S34
SLAB,F27,STORY13,S35
SLAB,F28,STORY13,S37
SLAB,F29,STORY13,S38
SLAB,F1,STORY14,S1
SLAB,F2,STORY14,S2
SLAB,F3,STORY14,S3
SLAB,F4,STORY14,S4
SLAB,F5,STORY14,S5
SLAB,F6,STORY14,S6
SLAB,F7,STORY14,S7
SLAB,F8,STORY14,S8
SLAB,F9,STORY14,S9
SLAB,F10,STORY14,S10
SLAB,F11,STORY14,S17
SLAB,F12,STORY14,S18
SLAB,F13,STORY14,S19
SLAB,F14,STORY14,S20
SLAB,F15,STORY14,S21
SLAB,F16,STORY14,S22
SLAB,F17,STORY14,S25
SLAB,F18,STORY14,S26
SLAB,F19,STORY14,S27
SLAB,F20,STORY14,S28
SLAB,F21,STORY14,S29
SLAB,F22,STORY14,S30
SLAB,F23,STORY14,S32
SLAB,F24,STORY14,S23
SLAB,F25,STORY14,S33
SLAB,F26,STORY14,S34
SLAB,F27,STORY14,S35
SLAB,F28,STORY14,S37
SLAB,F29,STORY14,S38
SLAB,F1,STORY15,S1
SLAB,F2,STORY15,S2
SLAB,F3,STORY15,S3
SLAB,F4,STORY15,S4
SLAB,F5,STORY15,S5
SLAB,F6,STORY15,S6
SLAB,F7,STORY15,S7
SLAB,F8,STORY15,S8
SLAB,F9,STORY15,S9
SLAB,F10,STORY15,S10
SLAB,F11,STORY15,S17
SLAB,F12,STORY15,S18
SLAB,F13,STORY15,S19
SLAB,F14,STORY15,S20
SLAB,F15,STORY15,S21
SLAB,F16,STORY15,S22
SLAB,F17,STORY15,S25
SLAB,F18,STORY15,S26
SLAB,F19,STORY15,S27
SLAB,F20,STORY15,S28
SLAB,F21,STORY15,S29
SLAB,F22,STORY15,S30
SLAB,F23,STORY15,S32
SLAB,F24,STORY15,S23
SLAB,F25,STORY15,S33
SLAB,F26,STORY15,S34
SLAB,F27,STORY15,S35
SLAB,F28,STORY15,S37
SLAB,F29,STORY15,S38
SLAB,F1,STORY16,S1
SLAB,F2,STORY16,S2
SLAB,F3,STORY16,S3
SLAB,F4,STORY16,S4
SLAB,F5,STORY16,S5
SLAB,F6,STORY16,S6
SLAB,F7,STORY16,S7
SLAB,F8,STORY16,S8
SLAB,F9,STORY16,S9
SLAB,F10,STORY16,S10
SLAB,F11,STORY16,S17
SLAB,F12,STORY16,S18
SLAB,F13,STORY16,S19
SLAB,F14,STORY16,S20
SLAB,F15,STORY16,S21
SLAB,F16,STORY16,S22
SLAB,F17,STORY16,S25
SLAB,F18,STORY16,S26
SLAB,F19,STORY16,S27
SLAB,F20,STORY16,S28
SLAB,F21,STORY16,S29
SLAB,F22,STORY16,S30
SLAB,F23,STORY16,S32
SLAB,F24,STORY16,S23
SLAB,F25,STORY16,S33
SLAB,F26,STORY16,S34
SLAB,F27,STORY16,S35
SLAB,F28,STORY16,S37
SLAB,F29,STORY16,S38
